Workbook

Sheet 개요
A1: Sport 예약 메이트 요구사항 정의서 (역도출)
A2: 근거: 소스 코드(pass-project-master, pass-batch-master), 화면 템플릿, 프로젝트 메모, 테스트 수행 보고서·테스트 케이스 (2026-10-17)
A3: 원래 요구사항 문서가 없어, 명시된 목표와 코드의 검증 규칙·동작에서 요구사항을 거꾸로 정리하고 테스트로 드러난 누락 요구사항을 추가했습니다. 각 요구사항은 추적표로 테스트 케이스·결함과 연결됩니다.
A5: 분류별 충족 현황
A6: 분류 | B6: 요구사항 수 | C6: 충족 | D6: 충족 (수정 후) | E6: 미충족 | F6: 미검증 | G6: 기준 미정
A7: 기능 | B7: =COUNTIF('요구사항 목록'!$B$2:$B$34,A7) -> 21 | C7: =COUNTIFS('요구사항 목록'!$B$2:$B$34,$A7,'요구사항 목록'!$O$2:$O$34,"충족") -> 15 | D7: =COUNTIFS('요구사항 목록'!$B$2:$B$34,$A7,'요구사항 목록'!$O$2:$O$34,"충족 (수정 후)") -> 2 | E7: =COUNTIFS('요구사항 목록'!$B$2:$B$34,$A7,'요구사항 목록'!$O$2:$O$34,"미충족") -> 2 | F7: =COUNTIFS('요구사항 목록'!$B$2:$B$34,$A7,'요구사항 목록'!$O$2:$O$34,"미검증") -> 2 | G7: =COUNTIFS('요구사항 목록'!$B$2:$B$34,$A7,'요구사항 목록'!$O$2:$O$34,"기준 미정") -> 0
A8: 보안 | B8: =COUNTIF('요구사항 목록'!$B$2:$B$34,A8) -> 5 | C8: =COUNTIFS('요구사항 목록'!$B$2:$B$34,$A8,'요구사항 목록'!$O$2:$O$34,"충족") -> 3 | D8: =COUNTIFS('요구사항 목록'!$B$2:$B$34,$A8,'요구사항 목록'!$O$2:$O$34,"충족 (수정 후)") -> 1 | E8: =COUNTIFS('요구사항 목록'!$B$2:$B$34,$A8,'요구사항 목록'!$O$2:$O$34,"미충족") -> 0 | F8: =COUNTIFS('요구사항 목록'!$B$2:$B$34,$A8,'요구사항 목록'!$O$2:$O$34,"미검증") -> 1 | G8: =COUNTIFS('요구사항 목록'!$B$2:$B$34,$A8,'요구사항 목록'!$O$2:$O$34,"기준 미정") -> 0
A9: 데이터 | B9: =COUNTIF('요구사항 목록'!$B$2:$B$34,A9) -> 3 | C9: =COUNTIFS('요구사항 목록'!$B$2:$B$34,$A9,'요구사항 목록'!$O$2:$O$34,"충족") -> 1 | D9: =COUNTIFS('요구사항 목록'!$B$2:$B$34,$A9,'요구사항 목록'!$O$2:$O$34,"충족 (수정 후)") -> 2 | E9: =COUNTIFS('요구사항 목록'!$B$2:$B$34,$A9,'요구사항 목록'!$O$2:$O$34,"미충족") -> 0 | F9: =COUNTIFS('요구사항 목록'!$B$2:$B$34,$A9,'요구사항 목록'!$O$2:$O$34,"미검증") -> 0 | G9: =COUNTIFS('요구사항 목록'!$B$2:$B$34,$A9,'요구사항 목록'!$O$2:$O$34,"기준 미정") -> 0
A10: 성능 | B10: =COUNTIF('요구사항 목록'!$B$2:$B$34,A10) -> 4 | C10: =COUNTIFS('요구사항 목록'!$B$2:$B$34,$A10,'요구사항 목록'!$O$2:$O$34,"충족") -> 1 | D10: =COUNTIFS('요구사항 목록'!$B$2:$B$34,$A10,'요구사항 목록'!$O$2:$O$34,"충족 (수정 후)") -> 1 | E10: =COUNTIFS('요구사항 목록'!$B$2:$B$34,$A10,'요구사항 목록'!$O$2:$O$34,"미충족") -> 1 | F10: =COUNTIFS('요구사항 목록'!$B$2:$B$34,$A10,'요구사항 목록'!$O$2:$O$34,"미검증") -> 0 | G10: =COUNTIFS('요구사항 목록'!$B$2:$B$34,$A10,'요구사항 목록'!$O$2:$O$34,"기준 미정") -> 1
A11: 합계 | B11: =SUM(B7:B10) -> 33 | C11: =SUM(C7:C10) -> 20 | D11: =SUM(D7:D10) -> 6 | E11: =SUM(E7:E10) -> 3 | F11: =SUM(F7:F10) -> 3 | G11: =SUM(G7:G10) -> 1
A13: 출처별 요구사항 수
A14: 출처 | B14: 요구사항 수
A15: 명시 | B15: =COUNTIF('요구사항 목록'!$F$2:$F$34,A15) -> 5
A16: 코드 | B16: =COUNTIF('요구사항 목록'!$F$2:$F$34,A16) -> 17
A17: 화면 | B17: =COUNTIF('요구사항 목록'!$F$2:$F$34,A17) -> 2
A18: 테스트로 도출 | B18: =COUNTIF('요구사항 목록'!$F$2:$F$34,A18) -> 9
A20: 추적성 점검
A21: 항목 | B21: 개수
A22: TC가 연결되지 않은 요구사항 | B22: =COUNTIF('요구사항 목록'!$J$2:$J$34,0) -> 1
A23: 요구사항에 연결되지 않은 TC | B23: 0
A25: 정리하며 드러난 점
A26: • 결함 4건은 요구사항이 정의되지 않은 곳에서 나왔습니다: 비밀번호 최대 길이(REQ-F-05 → DEF-003), 가입 실패 응답(REQ-F-08 → DEF-004), 시간대 기준(REQ-D-02 → DEF-005), 목록 페이징(REQ-NF-04 → PERF-002).
A27: • 관리자 페이지 접근 제어(REQ-S-05)는 코드에 구현돼 있지만 연결된 TC가 없는 테스트 공백입니다. 비인증·일반 계정 접근 TC를 추가해야 합니다.
A28: • 예약 요구사항 2건(REQ-F-20·21)은 프로젝트 목표에 명시돼 있으나 시나리오 설계 전이라 미검증입니다.
A29: • 로그인 동시 접속(REQ-NF-03)은 목표 인원만 있고 응답 시간·실패율 기준이 없어 '기준 미정'으로 분류했습니다.
A31: 작성 기준
A32: 출처 - 명시 | B32: 프로젝트 목표로 처음부터 정해 둔 요구사항 (1만 건 배치, 동시 접속 1만 명, 예약 기능 등)
A33: 출처 - 코드 / 화면 | B33: 서버 코드의 검증 규칙과 동작, 화면 스크립트에서 읽어 낸 요구사항
A34: 출처 - 테스트로 도출 | B34: 정의되지 않았지만 테스트 결과로 필요성이 드러나 추가한 요구사항 (주황 굵은 글씨)
A35: 충족 여부 | B35: 충족 / 충족 (수정 후) / 미충족 / 미검증(TC 미수행 또는 없음) / 기준 미정
A36: TC 수·Pass·Fail·미수행 | B36: 추적표에서 자동 집계. 추적표의 판정은 테스트 케이스 파일(2026-10-17)의 값을 옮겨 온 것
A37: REQ ID | B37: REQ-F(기능), REQ-S(보안), REQ-D(데이터), REQ-NF(성능)

Sheet 요구사항 목록
A1: REQ ID | B1: 분류 | C1: 기능 영역 | D1: 요구사항 | E1: 수용 기준 | F1: 출처 | G1: 출처 근거 | H1: 우선순위 | I1: 관련 TC | J1: TC 수 | K1: Pass | L1: Fail | M1: 미수행 | N1: 관련 결함 | O1: 충족 여부 | P1: 비고
A2: REQ-F-01 | B2: 기능 | C2: 회원가입 | D2: 아이디·비밀번호·이름·전화번호·이메일·카카오 ID로 회원가입할 수 있다 | E2: 가입 요청이 성공하면 user 테이블에 1행이 저장되고 /login으로 이동한다 | F2: 코드 | G2: JoinController, join.mustache | H2: High | I2: JN-01, JN-02 | J2: =COUNTIFS(추적표!$A$2:$A$71,A2,추적표!$C$2:$C$71,"<>(없음)") -> 2 | K2: =COUNTIFS(추적표!$A$2:$A$71,A2,추적표!$E$2:$E$71,"Pass") -> 2 | L2: =COUNTIFS(추적표!$A$2:$A$71,A2,추적표!$E$2:$E$71,"Fail") -> 0 | M2: =COUNTIFS(추적표!$A$2:$A$71,A2,추적표!$E$2:$E$71,"미수행") -> 0 | N2: - | O2: 충족
A3: REQ-F-02 | B3: 기능 | C3: 회원가입 | D3: 필수 입력값이 비어 있으면 가입을 거부한다 | E3: 이름·이메일 등 필수 값이 빈 값이면 400, "입력이 안된 사항이 있습니다.", 저장 안 됨 | F3: 코드 | G3: LoginService.create() | H3: High | I3: JN-04, JN-05 | J3: =COUNTIFS(추적표!$A$2:$A$71,A3,추적표!$C$2:$C$71,"<>(없음)") -> 2 | K3: =COUNTIFS(추적표!$A$2:$A$71,A3,추적표!$E$2:$E$71,"Pass") -> 2 | L3: =COUNTIFS(추적표!$A$2:$A$71,A3,추적표!$E$2:$E$71,"Fail") -> 0 | M3: =COUNTIFS(추적표!$A$2:$A$71,A3,추적표!$E$2:$E$71,"미수행") -> 0 | N3: DEF-002 (기각) | O3: 충족 | P3: 문자열 == 비교는 결함은 아니나 isEmpty() 또는 @NotBlank로 개선 권고
A4: REQ-F-03 | B4: 기능 | C4: 회원가입 | D4: 아이디는 5~20자로 제한한다 | E4: 4자·21자는 400과 id_error, 5자·20자는 가입 성공 | F4: 코드 | G4: UserDto @Size(min=5, max=20) | H4: Medium | I4: JN-07, JN-08, JN-09, JN-10 | J4: =COUNTIFS(추적표!$A$2:$A$71,A4,추적표!$C$2:$C$71,"<>(없음)") -> 4 | K4: =COUNTIFS(추적표!$A$2:$A$71,A4,추적표!$E$2:$E$71,"Pass") -> 4 | L4: =COUNTIFS(추적표!$A$2:$A$71,A4,추적표!$E$2:$E$71,"Fail") -> 0 | M4: =COUNTIFS(추적표!$A$2:$A$71,A4,추적표!$E$2:$E$71,"미수행") -> 0 | N4: - | O4: 충족 | P4: 화면은 maxlength=20, 21자는 API로만 검증 가능
A5: REQ-F-04 | B5: 기능 | C5: 회원가입 | D5: 비밀번호는 영문·숫자·특수문자를 포함한 8자 이상이어야 한다 | E5: 7자·특수문자 누락은 400과 pw_error, 규칙을 충족한 8자는 가입 성공 | F5: 코드 | G5: UserDto @Pattern | H5: Medium | I5: JN-11, JN-12, JN-13 | J5: =COUNTIFS(추적표!$A$2:$A$71,A5,추적표!$C$2:$C$71,"<>(없음)") -> 3 | K5: =COUNTIFS(추적표!$A$2:$A$71,A5,추적표!$E$2:$E$71,"Pass") -> 3 | L5: =COUNTIFS(추적표!$A$2:$A$71,A5,추적표!$E$2:$E$71,"Fail") -> 0 | M5: =COUNTIFS(추적표!$A$2:$A$71,A5,추적표!$E$2:$E$71,"미수행") -> 0 | N5: - | O5: 충족
A6: REQ-F-05 | B6: 기능 | C6: 회원가입 | D6: 비밀번호 최대 길이를 제한한다 | E6: BCrypt 한도(72바이트)를 넘는 비밀번호는 가입 단계에서 거부한다 (예: 8~64자) | F6: 테스트로 도출 | G6: JN-14 실패 분석 | H6: High | I6: JN-14 | J6: =COUNTIFS(추적표!$A$2:$A$71,A6,추적표!$C$2:$C$71,"<>(없음)") -> 1 | K6: =COUNTIFS(추적표!$A$2:$A$71,A6,추적표!$E$2:$E$71,"Pass") -> 0 | L6: =COUNTIFS(추적표!$A$2:$A$71,A6,추적표!$E$2:$E$71,"Fail") -> 1 | M6: =COUNTIFS(추적표!$A$2:$A$71,A6,추적표!$E$2:$E$71,"미수행") -> 0 | N6: DEF-003 | O6: 미충족 | P6: 최소 길이만 있고 최대 길이가 정의되지 않아 결함 발생 (요구사항 누락)
A7: REQ-F-06 | B7: 기능 | C7: 회원가입 | D7: 이미 가입된 아이디로는 가입할 수 없다 | E7: 중복 아이디 가입 시 400, "이미 존재하는 ID입니다.", 행 수 변화 없음 | F7: 코드 | G7: LoginService.create() | H7: High | I7: JN-06, JN-15 | J7: =COUNTIFS(추적표!$A$2:$A$71,A7,추적표!$C$2:$C$71,"<>(없음)") -> 2 | K7: =COUNTIFS(추적표!$A$2:$A$71,A7,추적표!$E$2:$E$71,"Pass") -> 2 | L7: =COUNTIFS(추적표!$A$2:$A$71,A7,추적표!$E$2:$E$71,"Fail") -> 0 | M7: =COUNTIFS(추적표!$A$2:$A$71,A7,추적표!$E$2:$E$71,"미수행") -> 0 | N7: - | O7: 충족
A8: REQ-F-07 | B8: 기능 | C8: 회원가입·로그인 | D8: 아이디는 대소문자를 구분하지 않는다 | E8: 대소문자만 다른 아이디로 로그인되고, 같은 아이디로 보아 중복 가입을 막는다 | F8: 테스트로 도출 | G8: L-09 관찰, DB 콜레이션 utf8mb4_0900_ai_ci | H8: Medium | I8: L-09, JN-15 | J8: =COUNTIFS(추적표!$A$2:$A$71,A8,추적표!$C$2:$C$71,"<>(없음)") -> 2 | K8: =COUNTIFS(추적표!$A$2:$A$71,A8,추적표!$E$2:$E$71,"Pass") -> 2 | L8: =COUNTIFS(추적표!$A$2:$A$71,A8,추적표!$E$2:$E$71,"Fail") -> 0 | M8: =COUNTIFS(추적표!$A$2:$A$71,A8,추적표!$E$2:$E$71,"미수행") -> 0 | N8: - | O8: 충족 | P8: 별도 정책이 없어 현재 동작을 정책으로 정함
A9: REQ-F-08 | B9: 기능 | C9: 회원가입 | D9: 가입 처리에 실패하면 실패 응답을 돌려준다 | E9: 저장되지 않은 요청은 200으로 응답하지 않는다 (4xx/5xx와 원인 안내) | F9: 테스트로 도출 | G9: JN-03 관찰, LoginService catch 분석 | H9: High | I9: JN-03 | J9: =COUNTIFS(추적표!$A$2:$A$71,A9,추적표!$C$2:$C$71,"<>(없음)") -> 1 | K9: =COUNTIFS(추적표!$A$2:$A$71,A9,추적표!$E$2:$E$71,"Pass") -> 0 | L9: =COUNTIFS(추적표!$A$2:$A$71,A9,추적표!$E$2:$E$71,"Fail") -> 1 | M9: =COUNTIFS(추적표!$A$2:$A$71,A9,추적표!$E$2:$E$71,"미수행") -> 0 | N9: DEF-004 | O9: 미충족 | P9: 예외를 catch에서 삼켜 저장 없이 200 {} 응답. xfail로 추적 중
A10: REQ-F-09 | B10: 기능 | C10: 로그인 | D10: 올바른 아이디·비밀번호로 로그인하면 세션을 만들고 이용권 화면으로 이동한다 | E10: 200 응답 후 /passes로 이동, 회원 인사 문구 표시 | F10: 코드 | G10: LoginController, login.mustache | H10: High | I10: L-01, LA-01 | J10: =COUNTIFS(추적표!$A$2:$A$71,A10,추적표!$C$2:$C$71,"<>(없음)") -> 2 | K10: =COUNTIFS(추적표!$A$2:$A$71,A10,추적표!$E$2:$E$71,"Pass") -> 2 | L10: =COUNTIFS(추적표!$A$2:$A$71,A10,추적표!$E$2:$E$71,"Fail") -> 0 | M10: =COUNTIFS(추적표!$A$2:$A$71,A10,추적표!$E$2:$E$71,"미수행") -> 0 | N10: - | O10: 충족
A11: REQ-F-10 | B11: 기능 | C11: 로그인 | D11: 로그인 실패 원인을 구분해 안내한다 | E11: 없는 아이디는 "존재하지 않는 ID입니다.", 틀린 비밀번호는 "비밀번호가 일치하지 않습니다." (400) | F11: 코드 | G11: LoginService.isUser() | H11: High | I11: L-02, L-03, L-04, L-05, LA-03, LA-04 | J11: =COUNTIFS(추적표!$A$2:$A$71,A11,추적표!$C$2:$C$71,"<>(없음)") -> 6 | K11: =COUNTIFS(추적표!$A$2:$A$71,A11,추적표!$E$2:$E$71,"Pass") -> 6 | L11: =COUNTIFS(추적표!$A$2:$A$71,A11,추적표!$E$2:$E$71,"Fail") -> 0 | M11: =COUNTIFS(추적표!$A$2:$A$71,A11,추적표!$E$2:$E$71,"미수행") -> 0 | N11: - | O11: 충족
A12: REQ-F-11 | B12: 기능 | C12: 로그인 | D12: 비밀번호 입력 후 Enter 키로 로그인할 수 있다 | E12: Enter 제출 시 버튼 클릭과 같은 결과 | F12: 화면 | G12: login.mustache checkEnter() | H12: Low | I12: L-06 | J12: =COUNTIFS(추적표!$A$2:$A$71,A12,추적표!$C$2:$C$71,"<>(없음)") -> 1 | K12: =COUNTIFS(추적표!$A$2:$A$71,A12,추적표!$E$2:$E$71,"Pass") -> 1 | L12: =COUNTIFS(추적표!$A$2:$A$71,A12,추적표!$E$2:$E$71,"Fail") -> 0 | M12: =COUNTIFS(추적표!$A$2:$A$71,A12,추적표!$E$2:$E$71,"미수행") -> 0 | N12: - | O12: 충족
A13: REQ-F-12 | B13: 기능 | C13: 로그인 | D13: 로그아웃하면 세션을 종료하고 로그인 화면으로 이동한다 | E13: /login 이동 후 /passes 재접속 시 로그인 상태가 아님 | F13: 코드 | G13: LoginController /login/logout | H13: Medium | I13: L-07 | J13: =COUNTIFS(추적표!$A$2:$A$71,A13,추적표!$C$2:$C$71,"<>(없음)") -> 1 | K13: =COUNTIFS(추적표!$A$2:$A$71,A13,추적표!$E$2:$E$71,"Pass") -> 1 | L13: =COUNTIFS(추적표!$A$2:$A$71,A13,추적표!$E$2:$E$71,"Fail") -> 0 | M13: =COUNTIFS(추적표!$A$2:$A$71,A13,추적표!$E$2:$E$71,"미수행") -> 0 | N13: - | O13: 충족
A14: REQ-F-13 | B14: 기능 | C14: 로그인 | D14: 첫 로그인 시 기본 회원 그룹을 한 번만 부여한다 | E14: 첫 로그인 후 user_group_mapping 1행, 재로그인해도 1행 유지 | F14: 코드 | G14: UserService.setUserGroup() | H14: Low | I14: L-11, L-12 | J14: =COUNTIFS(추적표!$A$2:$A$71,A14,추적표!$C$2:$C$71,"<>(없음)") -> 2 | K14: =COUNTIFS(추적표!$A$2:$A$71,A14,추적표!$E$2:$E$71,"Pass") -> 2 | L14: =COUNTIFS(추적표!$A$2:$A$71,A14,추적표!$E$2:$E$71,"Fail") -> 0 | M14: =COUNTIFS(추적표!$A$2:$A$71,A14,추적표!$E$2:$E$71,"미수행") -> 0 | N14: - | O14: 충족
A15: REQ-F-14 | B15: 기능 | C15: 관리자 | D15: 대시보드는 기준일 10일 전부터 기준일까지의 통계를 보여 주고, 기준일을 생략하면 오늘을 기준으로 한다 | E15: ?to 없이 접속해도 오류 없이 표시, ?to=yyyy-MM-dd 지정 시 해당 기간 표시 | F15: 코드 | G15: AdminViewController.home(), StatisticsService | H15: Medium | I15: AD-01, AD-02 | J15: =COUNTIFS(추적표!$A$2:$A$71,A15,추적표!$C$2:$C$71,"<>(없음)") -> 2 | K15: =COUNTIFS(추적표!$A$2:$A$71,A15,추적표!$E$2:$E$71,"Pass") -> 2 | L15: =COUNTIFS(추적표!$A$2:$A$71,A15,추적표!$E$2:$E$71,"Fail") -> 0 | M15: =COUNTIFS(추적표!$A$2:$A$71,A15,추적표!$E$2:$E$71,"미수행") -> 0 | N15: ET2 | O15: 충족 (수정 후) | P15: 수정 전에는 ?to 없이 접속하면 400
A16: REQ-F-15 | B16: 기능 | C16: 관리자 | D16: 관리자는 패키지·회원·시작 일시로 이용권 일괄 지급을 등록할 수 있다 | E16: 등록 후 bulk_pass에 READY로 저장되고 목록에 '지급 전'으로 표시 | F16: 코드 | G16: AdminViewController, BulkPassService | H16: High | I16: AD-04 | J16: =COUNTIFS(추적표!$A$2:$A$71,A16,추적표!$C$2:$C$71,"<>(없음)") -> 1 | K16: =COUNTIFS(추적표!$A$2:$A$71,A16,추적표!$E$2:$E$71,"Pass") -> 1 | L16: =COUNTIFS(추적표!$A$2:$A$71,A16,추적표!$E$2:$E$71,"Fail") -> 0 | M16: =COUNTIFS(추적표!$A$2:$A$71,A16,추적표!$E$2:$E$71,"미수행") -> 0 | N16: - | O16: 충족
A17: REQ-F-16 | B17: 기능 | C17: 관리자 | D17: 이용권 시작 일시는 yyyy-MM-dd HH:mm 형식만 받는다 | E17: 형식이 틀리면 안내 알림 후 제출 중단, 저장 안 됨 | F17: 화면 | G17: bulk-pass.html validateForm() | H17: Medium | I17: AD-05 | J17: =COUNTIFS(추적표!$A$2:$A$71,A17,추적표!$C$2:$C$71,"<>(없음)") -> 1 | K17: =COUNTIFS(추적표!$A$2:$A$71,A17,추적표!$E$2:$E$71,"Pass") -> 1 | L17: =COUNTIFS(추적표!$A$2:$A$71,A17,추적표!$E$2:$E$71,"Fail") -> 0 | M17: =COUNTIFS(추적표!$A$2:$A$71,A17,추적표!$E$2:$E$71,"미수행") -> 0 | N17: - | O17: 충족
A18: REQ-F-17 | B18: 기능 | C18: 관리자 | D18: 관리자 로그인에 실패하면 실패를 알린다 | E18: 틀린 비밀번호로 로그인 시 실패 알림 표시 | F18: 테스트로 도출 | G18: 탐색적 테스트 | H18: Low | I18: AD-03 | J18: =COUNTIFS(추적표!$A$2:$A$71,A18,추적표!$C$2:$C$71,"<>(없음)") -> 1 | K18: =COUNTIFS(추적표!$A$2:$A$71,A18,추적표!$E$2:$E$71,"Pass") -> 1 | L18: =COUNTIFS(추적표!$A$2:$A$71,A18,추적표!$E$2:$E$71,"Fail") -> 0 | M18: =COUNTIFS(추적표!$A$2:$A$71,A18,추적표!$E$2:$E$71,"미수행") -> 0 | N18: - | O18: 충족 (수정 후)
A19: REQ-F-18 | B19: 기능 | C19: 배치 | D19: addPassesJob은 READY 상태이고 시작 일시가 (현재 − 1일) 이후인 일괄 지급 건을 이용권과 예약 슬롯으로 전개한다 | E19: 대상 건은 pass·booking이 1건씩 생기고 COMPLETED로 바뀜, 기간 밖 건은 READY 유지 | F19: 코드 | G19: AddPassesTasklet | H19: High | I19: BT-10, BT-11, BT-14 | J19: =COUNTIFS(추적표!$A$2:$A$71,A19,추적표!$C$2:$C$71,"<>(없음)") -> 3 | K19: =COUNTIFS(추적표!$A$2:$A$71,A19,추적표!$E$2:$E$71,"Pass") -> 3 | L19: =COUNTIFS(추적표!$A$2:$A$71,A19,추적표!$E$2:$E$71,"Fail") -> 0 | M19: =COUNTIFS(추적표!$A$2:$A$71,A19,추적표!$E$2:$E$71,"미수행") -> 0 | N19: - | O19: 충족
A20: REQ-F-19 | B20: 기능 | C20: 배치 | D20: 같은 Job이 실행 중이면 중복 실행을 막는다 | E20: 실행 중 기록이 있으면 실행 거부, 기록 정리 후 재실행 가능 | F20: 코드 | G20: Spring Batch JobLauncher | H20: Low | I20: BT-15 | J20: =COUNTIFS(추적표!$A$2:$A$71,A20,추적표!$C$2:$C$71,"<>(없음)") -> 1 | K20: =COUNTIFS(추적표!$A$2:$A$71,A20,추적표!$E$2:$E$71,"Pass") -> 1 | L20: =COUNTIFS(추적표!$A$2:$A$71,A20,추적표!$E$2:$E$71,"Fail") -> 0 | M20: =COUNTIFS(추적표!$A$2:$A$71,A20,추적표!$E$2:$E$71,"미수행") -> 0 | N20: - | O20: 충족 | P20: 비정상 종료 후 자동 복구 절차는 없음
A21: REQ-F-20 | B21: 기능 | C21: 예약 | D21: 시간이 겹치는 예약은 차단한다 | E21: 기존 예약과 시간이 겹치면 예약이 거부되고 안내 | F21: 명시 | G21: 프로젝트 목표 (개인 프로젝트 메모) | H21: High | I21: BK-01 | J21: =COUNTIFS(추적표!$A$2:$A$71,A21,추적표!$C$2:$C$71,"<>(없음)") -> 1 | K21: =COUNTIFS(추적표!$A$2:$A$71,A21,추적표!$E$2:$E$71,"Pass") -> 0 | L21: =COUNTIFS(추적표!$A$2:$A$71,A21,추적표!$E$2:$E$71,"Fail") -> 0 | M21: =COUNTIFS(추적표!$A$2:$A$71,A21,추적표!$E$2:$E$71,"미수행") -> 1 | N21: - | O21: 미검증 | P21: 예약 시나리오 설계 후 수행 예정
A22: REQ-F-21 | B22: 기능 | C22: 예약 | D22: 이용권 차감·강사 시간표 변경·회원 등록이 동시에 일어나도 정상 처리한다 | E22: 동시 요청 후 잔여 횟수·예약 수 등 데이터가 일관됨 | F22: 명시 | G22: 프로젝트 목표 (개인 프로젝트 메모) | H22: Medium | I22: BK-02 | J22: =COUNTIFS(추적표!$A$2:$A$71,A22,추적표!$C$2:$C$71,"<>(없음)") -> 1 | K22: =COUNTIFS(추적표!$A$2:$A$71,A22,추적표!$E$2:$E$71,"Pass") -> 0 | L22: =COUNTIFS(추적표!$A$2:$A$71,A22,추적표!$E$2:$E$71,"Fail") -> 0 | M22: =COUNTIFS(추적표!$A$2:$A$71,A22,추적표!$E$2:$E$71,"미수행") -> 1 | N22: - | O22: 미검증 | P22: 예약 시나리오 설계 후 수행 예정
A23: REQ-S-01 | B23: 보안 | C23: 회원가입 | D23: 비밀번호는 BCrypt 해시로 저장한다 | E23: DB 값이 $2a$10$로 시작하고 길이 60, 원문과 다름 | F23: 코드 | G23: LoginService.encryptPassword() | H23: High | I23: SC-01, JN-01 | J23: =COUNTIFS(추적표!$A$2:$A$71,A23,추적표!$C$2:$C$71,"<>(없음)") -> 2 | K23: =COUNTIFS(추적표!$A$2:$A$71,A23,추적표!$E$2:$E$71,"Pass") -> 2 | L23: =COUNTIFS(추적표!$A$2:$A$71,A23,추적표!$E$2:$E$71,"Fail") -> 0 | M23: =COUNTIFS(추적표!$A$2:$A$71,A23,추적표!$E$2:$E$71,"미수행") -> 0 | N23: - | O23: 충족
A24: REQ-S-02 | B24: 보안 | C24: 로그인 | D24: 응답 본문과 브라우저 로그에 비밀번호 원문을 포함하지 않는다 | E24: 로그인 응답 본문에 비밀번호가 없고 Console에 출력되지 않음 | F24: 테스트로 도출 | G24: 탐색적 테스트 (Network 탭) | H24: High | I24: LA-02, SC-02 | J24: =COUNTIFS(추적표!$A$2:$A$71,A24,추적표!$C$2:$C$71,"<>(없음)") -> 2 | K24: =COUNTIFS(추적표!$A$2:$A$71,A24,추적표!$E$2:$E$71,"Pass") -> 2 | L24: =COUNTIFS(추적표!$A$2:$A$71,A24,추적표!$E$2:$E$71,"Fail") -> 0 | M24: =COUNTIFS(추적표!$A$2:$A$71,A24,추적표!$E$2:$E$71,"미수행") -> 0 | N24: DEF-001 | O24: 충족 (수정 후) | P24: 수정 전에는 응답에 아이디·비밀번호 원문 포함
A25: REQ-S-03 | B25: 보안 | C25: 로그인 | D25: 입력값으로 인증을 우회할 수 없다 | E25: 아이디에 SQL 구문을 넣어도 로그인 실패 | F25: 테스트로 도출 | G25: JPA 파라미터 바인딩 | H25: High | I25: L-08 | J25: =COUNTIFS(추적표!$A$2:$A$71,A25,추적표!$C$2:$C$71,"<>(없음)") -> 1 | K25: =COUNTIFS(추적표!$A$2:$A$71,A25,추적표!$E$2:$E$71,"Pass") -> 1 | L25: =COUNTIFS(추적표!$A$2:$A$71,A25,추적표!$E$2:$E$71,"Fail") -> 0 | M25: =COUNTIFS(추적표!$A$2:$A$71,A25,추적표!$E$2:$E$71,"미수행") -> 0 | N25: - | O25: 충족
A26: REQ-S-04 | B26: 보안 | C26: 로그인 | D26: 로그인하면 새 세션 ID를 발급한다 | E26: 로그인 전후 JSESSIONID가 다름 | F26: 테스트로 도출 | G26: 탐색적 테스트 (개발자 도구) | H26: Medium | I26: L-10 | J26: =COUNTIFS(추적표!$A$2:$A$71,A26,추적표!$C$2:$C$71,"<>(없음)") -> 1 | K26: =COUNTIFS(추적표!$A$2:$A$71,A26,추적표!$E$2:$E$71,"Pass") -> 1 | L26: =COUNTIFS(추적표!$A$2:$A$71,A26,추적표!$E$2:$E$71,"Fail") -> 0 | M26: =COUNTIFS(추적표!$A$2:$A$71,A26,추적표!$E$2:$E$71,"미수행") -> 0 | N26: - | O26: 충족
A27: REQ-S-05 | B27: 보안 | C27: 관리자 | D27: 관리자 페이지(/admin/**)는 관리자 계정만 접근할 수 있다 | E27: 인증 없이 또는 일반 계정으로 접근 시 401/403 | F27: 코드 | G27: SecurityConfig (hasRole ADMIN, Basic 인증) | H27: High | I27: (없음) | J27: =COUNTIFS(추적표!$A$2:$A$71,A27,추적표!$C$2:$C$71,"<>(없음)") -> 0 | K27: =COUNTIFS(추적표!$A$2:$A$71,A27,추적표!$E$2:$E$71,"Pass") -> 0 | L27: =COUNTIFS(추적표!$A$2:$A$71,A27,추적표!$E$2:$E$71,"Fail") -> 0 | M27: =COUNTIFS(추적표!$A$2:$A$71,A27,추적표!$E$2:$E$71,"미수행") -> 1 | N27: - | O27: 미검증 | P27: 연결된 TC 없음 (테스트 공백). 비인증·일반 계정 접근 TC 추가 필요
A28: REQ-D-01 | B28: 데이터 | C28: 관리자 | D28: 대시보드 그래프의 날짜별 출석·취소 횟수는 DB 집계와 같아야 한다 | E28: 조회 기간의 모든 날짜가 그래프에 있고 값이 DB 합계와 일치 | F28: 코드 | G28: StatisticsService.makeChartData() | H28: Medium | I28: AD-06 | J28: =COUNTIFS(추적표!$A$2:$A$71,A28,추적표!$C$2:$C$71,"<>(없음)") -> 1 | K28: =COUNTIFS(추적표!$A$2:$A$71,A28,추적표!$E$2:$E$71,"Pass") -> 1 | L28: =COUNTIFS(추적표!$A$2:$A$71,A28,추적표!$E$2:$E$71,"Fail") -> 0 | M28: =COUNTIFS(추적표!$A$2:$A$71,A28,추적표!$E$2:$E$71,"미수행") -> 0 | N28: DEF-005 | O28: 충족 (수정 후) | P28: 수정 전에는 기준일 당일 통계 누락
A29: REQ-D-02 | B29: 데이터 | C29: 공통 | D29: 웹·배치 서버와 DB는 같은 시간대를 기준으로 시각을 저장·조회한다 | E29: 서버 시간대와 JDBC serverTimezone이 일치 (Asia/Seoul) | F29: 테스트로 도출 | G29: AD-06 실패 원인 분석 | H29: High | I29: AD-06, BT-14 | J29: =COUNTIFS(추적표!$A$2:$A$71,A29,추적표!$C$2:$C$71,"<>(없음)") -> 2 | K29: =COUNTIFS(추적표!$A$2:$A$71,A29,추적표!$E$2:$E$71,"Pass") -> 2 | L29: =COUNTIFS(추적표!$A$2:$A$71,A29,추적표!$E$2:$E$71,"Fail") -> 0 | M29: =COUNTIFS(추적표!$A$2:$A$71,A29,추적표!$E$2:$E$71,"미수행") -> 0 | N29: DEF-005 | O29: 충족 (수정 후) | P29: 시간대 기준이 정의되지 않아 결함 발생 (요구사항 누락)
A30: REQ-D-03 | B30: 데이터 | C30: 배치 | D30: 배치가 만든 예약 슬롯은 각각 실제 존재하는 이용권 하나에 연결된다 | E30: booking의 pass_seq가 서로 다르고, 존재하지 않는 pass를 가리키는 booking 0건 | F30: 코드 | G30: AddPassesTasklet.addBooking() | H30: High | I30: BT-12, BT-13 | J30: =COUNTIFS(추적표!$A$2:$A$71,A30,추적표!$C$2:$C$71,"<>(없음)") -> 2 | K30: =COUNTIFS(추적표!$A$2:$A$71,A30,추적표!$E$2:$E$71,"Pass") -> 2 | L30: =COUNTIFS(추적표!$A$2:$A$71,A30,추적표!$E$2:$E$71,"Fail") -> 0 | M30: =COUNTIFS(추적표!$A$2:$A$71,A30,추적표!$E$2:$E$71,"미수행") -> 0 | N30: - | O30: 충족
A31: REQ-NF-01 | B31: 성능 | C31: 배치 | D31: 이용권 1만 건을 배치 1회로 처리한다 | E31: 1만 건이 timeout(300초) 안에 COMPLETED, 처리 시간이 건수에 비례 | F31: 명시 | G31: 프로젝트 목표 (SW 요구사항) | H31: High | I31: BT-01 ~ BT-09 | J31: =COUNTIFS(추적표!$A$2:$A$71,A31,추적표!$C$2:$C$71,"<>(없음)") -> 9 | K31: =COUNTIFS(추적표!$A$2:$A$71,A31,추적표!$E$2:$E$71,"Pass") -> 7 | L31: =COUNTIFS(추적표!$A$2:$A$71,A31,추적표!$E$2:$E$71,"Fail") -> 2 | M31: =COUNTIFS(추적표!$A$2:$A$71,A31,추적표!$E$2:$E$71,"미수행") -> 0 | N31: PERF-001 | O31: 충족 (수정 후) | P31: 개선 후 1만 건 11.39초. 개선 전에는 400건도 300초 초과
A32: REQ-NF-02 | B32: 성능 | C32: 관리자 | D32: 이용권 등록 요청이 몰려도 유실 없이 처리한다 | E32: VU 20으로 1만 건 등록 시 실패율 0%, bulk_pass 1만 건 저장 | F32: 명시 | G32: 프로젝트 목표 (부하 테스트 목적) | H32: High | I32: PF-07, PF-08 | J32: =COUNTIFS(추적표!$A$2:$A$71,A32,추적표!$C$2:$C$71,"<>(없음)") -> 2 | K32: =COUNTIFS(추적표!$A$2:$A$71,A32,추적표!$E$2:$E$71,"Pass") -> 2 | L32: =COUNTIFS(추적표!$A$2:$A$71,A32,추적표!$E$2:$E$71,"Fail") -> 0 | M32: =COUNTIFS(추적표!$A$2:$A$71,A32,추적표!$E$2:$E$71,"미수행") -> 0 | N32: - | O32: 충족
A33: REQ-NF-03 | B33: 성능 | C33: 로그인 | D33: 로그인 페이지는 동시 접속 1만 명을 처리한다 | E33: 목표 응답 시간·실패율 미정 (임시 기준: 실패율 0%) | F33: 명시 | G33: 프로젝트 목표 (동시 접속자 1만 명) | H33: Medium | I33: PF-01 ~ PF-06 | J33: =COUNTIFS(추적표!$A$2:$A$71,A33,추적표!$C$2:$C$71,"<>(없음)") -> 6 | K33: =COUNTIFS(추적표!$A$2:$A$71,A33,추적표!$E$2:$E$71,"Pass") -> 1 | L33: =COUNTIFS(추적표!$A$2:$A$71,A33,추적표!$E$2:$E$71,"Fail") -> 5 | M33: =COUNTIFS(추적표!$A$2:$A$71,A33,추적표!$E$2:$E$71,"미수행") -> 0 | N33: - | O33: 기준 미정 | P33: 1만 명에서 실패율 47.84%. 판정 기준 확정과 부하 생성기 분리 후 재측정 필요
A34: REQ-NF-04 | B34: 성능 | C34: 관리자 | D34: 이용권 일괄 지급 목록은 데이터가 늘어도 일정한 응답 시간을 유지한다 | E34: 목록을 페이징해 조회 건수를 제한 | F34: 테스트로 도출 | G34: PF-07 1차 실행 관찰, AdminViewController | H34: Medium | I34: PF-09 | J34: =COUNTIFS(추적표!$A$2:$A$71,A34,추적표!$C$2:$C$71,"<>(없음)") -> 1 | K34: =COUNTIFS(추적표!$A$2:$A$71,A34,추적표!$E$2:$E$71,"Pass") -> 0 | L34: =COUNTIFS(추적표!$A$2:$A$71,A34,추적표!$E$2:$E$71,"Fail") -> 1 | M34: =COUNTIFS(추적표!$A$2:$A$71,A34,추적표!$E$2:$E$71,"미수행") -> 0 | N34: PERF-002 | O34: 미충족 | P34: 페이징 없이 전체 목록 조회 (요구사항 누락)

Sheet 추적표
A1: REQ ID | B1: 요구사항 | C1: TC ID | D1: 기능/시나리오 | E1: 판정 | F1: 관련 결함
A2: REQ-F-01 | B2: 아이디·비밀번호·이름·전화번호·이메일·카카오 ID로 회원가입할 수 있다 | C2: JN-01 | D2: 화면 가입 후 DB 저장 | E2: Pass | F2: -
A3: REQ-F-01 | B3: 아이디·비밀번호·이름·전화번호·이메일·카카오 ID로 회원가입할 수 있다 | C3: JN-02 | D3: 폼 형식 정상 가입 | E3: Pass | F3: -
A4: REQ-F-02 | B4: 필수 입력값이 비어 있으면 가입을 거부한다 | C4: JN-04 | D4: 이름 공란 | E4: Pass | F4: DEF-002
A5: REQ-F-02 | B5: 필수 입력값이 비어 있으면 가입을 거부한다 | C5: JN-05 | D5: 이메일 공란 | E5: Pass | F5: DEF-002
A6: REQ-F-03 | B6: 아이디는 5~20자로 제한한다 | C6: JN-07 | D6: 아이디 4자 (하한 미만) | E6: Pass | F6: -
A7: REQ-F-03 | B7: 아이디는 5~20자로 제한한다 | C7: JN-08 | D7: 아이디 5자 (하한) | E7: Pass | F7: -
A8: REQ-F-03 | B8: 아이디는 5~20자로 제한한다 | C8: JN-09 | D8: 아이디 20자 (상한) | E8: Pass | F8: -
A9: REQ-F-03 | B9: 아이디는 5~20자로 제한한다 | C9: JN-10 | D9: 아이디 21자 (상한 초과) | E9: Pass | F9: -
A10: REQ-F-04 | B10: 비밀번호는 영문·숫자·특수문자를 포함한 8자 이상이어야 한다 | C10: JN-11 | D10: 비밀번호 7자 (하한 미만) | E10: Pass | F10: -
A11: REQ-F-04 | B11: 비밀번호는 영문·숫자·특수문자를 포함한 8자 이상이어야 한다 | C11: JN-12 | D11: 비밀번호 8자 (하한) | E11: Pass | F11: -
A12: REQ-F-04 | B12: 비밀번호는 영문·숫자·특수문자를 포함한 8자 이상이어야 한다 | C12: JN-13 | D12: 비밀번호 특수문자 누락 | E12: Pass | F12: -
... A71: REQ-NF-04 | B71: 이용권 일괄 지급 목록은 데이터가 늘어도 일정한 응답 시간을 유지한다 | C71: PF-09 | D71: 이용권 일괄 등록 목록 | E71: Fail | F71: PERF-002
